beam_I_factor,horizontal_reaction_N,member,axial_contribution_m,shear_contribution_m,bending_contribution_m,total_contribution_m,axial_percent,shear_percent,bending_percent,participation_percent,axial_energy_J,shear_energy_J,bending_energy_J,energy_J
0.1,42778.42879614234,C1,1.066976754748999e-07,2.502538084574275e-05,0.00417430245866945,0.004199434537190668,0.001066976754748999,0.2502538084574275,41.743024586694496,41.994345371906675,0.002282179456508496,0.535273236302985,89.28505025087814,89.82260566663768
0.1,42778.42879614234,G1,0.0,6.657934949633754e-07,0.0016004651321234978,0.0016011309256184613,0.0,0.0066579349496337535,16.004651321234977,16.011309256184614,0.0,0.014240799808613015,34.23269184762742,34.246932647436054
0.1,42778.42879614234,C2,1.066976754748999e-07,2.5025380845742738e-05,0.00417430245866945,0.004199434537190668,0.001066976754748999,0.25025380845742734,41.743024586694496,41.994345371906675,0.002282179456508496,0.535273236302985,89.28505025087814,89.82260566663768
0.25,52059.17393616401,C1,4.475108965013106e-07,3.0454616752654546e-05,0.0036251689488497447,0.0036560710764989004,0.004475108965013106,0.30454616752654545,36.25168948849745,36.560710764989004,0.011648523799645063,0.792721095342819,94.36165042807366,95.16602004721616
0.25,52059.17393616401,G1,0.0,2.7924679941681798e-06,0.0026850653790078637,0.002687857847002032,0.0,0.0279246799416818,26.85065379007864,26.87857847002032,0.0,0.07268678850978522,69.89114279787037,69.96382958638017
0.25,52059.17393616401,C2,4.475108965013106e-07,3.045461675265457e-05,0.003625168948849746,0.0036560710764989017,0.004475108965013106,0.3045461675265457,36.251689488497455,36.56071076498902,0.011648523799645063,0.792721095342819,94.36165042807366,95.16602004721616
0.5,64104.044495867565,C1,1.0793826844270379e-06,3.750086603008134e-05,0.003338978050669455,0.0033775582993839635,0.010793826844270379,0.37500866030081337,33.38978050669455,33.775582993839635,0.0345963978152897,1.2019785923129436,107.02099876541931,108.25757375554761
0.5,64104.044495867565,G1,0.0,6.735347950824719e-06,0.0032381480532811136,0.0032448834012319384,0.0,0.06735347950824719,32.38148053281113,32.44883401231938,0.0,0.2158815223674077,103.78919344586907,104.00507496823653
0.5,64104.044495867565,C2,1.079382684427038e-06,3.750086603008134e-05,0.003338978050669455,0.0033775582993839635,0.01079382684427038,0.37500866030081337,33.38978050669455,33.775582993839635,0.034596397815289705,1.2019785923129436,107.02099876541931,108.25757375554758
1,80363.98930183612,C1,2.1131642308936346e-06,4.7012933741573526e-05,0.003359407656456866,0.003408533754429333,0.021131642308936344,0.4701293374157352,33.59407656456866,34.085337544293324,0.0849111538222801,1.8890734521278882,134.98770048200407,136.9616850879543
1,80363.98930183612,G1,0.0,1.318614480077628e-05,0.0031697463463404496,0.0031829324911412256,0.0,0.13186144800776278,31.697463463404496,31.829324911412254,0.0,0.5298455998510279,127.3667307334201,127.8965763332711
1,80363.98930183612,C2,2.1131642308936346e-06,4.701293374157352e-05,0.0033594076564568654,0.0034085337544293324,0.021131642308936344,0.4701293374157352,33.59407656456865,34.085337544293324,0.08491115382228007,1.8890734521278874,134.98770048200404,136.96168508795427
2,98135.65861333162,C1,3.3690878897837935e-06,5.740936028879804e-05,0.003665302038936326,0.003726080487114908,0.033690878897837936,0.5740936028879804,36.65302038936326,37.26080487114908,0.16531382949506618,2.8169526912556213,179.84841480390182,182.83068132465263
2,98135.65861333162,G1,0.0,2.1023108432250875e-05,0.0025268159173378445,0.0025478390257700954,0.0,0.21023108432250873,25.268159173378447,25.478390257700955,0.0,1.0315582960492131,123.98537212129958,125.01693041734882
2,98135.65861333162,C2,3.3690878897837935e-06,5.740936028879803e-05,0.003665302038936325,0.003726080487114907,0.033690878897837936,0.5740936028879803,36.65302038936325,37.26080487114907,0.16531382949506618,2.8169526912556213,179.84841480390182,182.83068132465263
4,113588.5807685256,C1,4.521524025164922e-06,6.6449319749586e-05,0.004067136246548274,0.0041381070903230245,0.04521524025164922,0.66449319749586,40.67136246548274,41.381070903230246,0.2567967484646353,3.7739419616946863,230.99011701882154,235.02085572898096
4,113588.5807685256,G1,0.0,2.821430991702911e-05,0.001695571509436845,0.001723785819353874,0.0,0.28214309917029107,16.95571509436845,17.23785819353874,0.0,1.6024117104193243,96.2987806742382,97.90119238465753
4,113588.5807685256,C2,4.5215240251649224e-06,6.6449319749586e-05,0.004067136246548275,0.004138107090323025,0.045215240251649226,0.66449319749586,40.671362465482744,41.38107090323025,0.2567967484646354,3.7739419616946863,230.99011701882154,235.02085572898096
10,127148.76941121183,C1,5.562048210722122e-06,7.438203010555835e-05,0.004485548715462072,0.004565492793778353,0.05562048210722122,0.7438203010555835,44.85548715462072,45.654927937783526,0.35360379269957704,4.728791797114752,285.1659996525238,290.24839524233823
10,127148.76941121183,G1,0.0,3.470718083490605e-05,0.0008343072316083181,0.0008690144124432241,0.0,0.3470718083490605,8.34307231608318,8.69014412443224,0.0,2.2064876664453617,53.040568904936535,55.24705657138193
10,127148.76941121183,C2,5.562048210722122e-06,7.438203010555835e-05,0.004485548715462072,0.004565492793778353,0.05562048210722122,0.7438203010555835,44.85548715462072,45.654927937783526,0.35360379269957704,4.728791797114752,285.1659996525238,290.24839524233823
100,137805.05616196804,C1,6.39340471902058e-06,8.061595785475043e-05,0.004845092679310198,0.004932102041883969,0.06393404719020579,0.8061595785475044,48.45092679310198,49.32102041883969,0.440521748185412,5.554643299862375,333.83913439114156,339.8342994391894
100,137805.05616196804,G1,0.0,3.9894845446688415e-05,9.590107078530866e-05,0.0001357959162319971,0.0,0.3989484544668841,0.9590107078530866,1.357959162319971,0.0,2.7488557086769703,6.607826222781174,9.356681931458152
100,137805.05616196804,C2,6.393404719020579e-06,8.061595785475046e-05,0.0048450926793102,0.004932102041883971,0.06393404719020579,0.8061595785475045,48.45092679310199,49.32102041883971,0.44052174818541184,5.554643299862375,333.83913439114156,339.8342994391894
