member,axial_global_percent,axial_within_member_percent,shear_global_percent,shear_within_member_percent,bending_global_percent,bending_within_member_percent
C1,0.03952317482521089,1.038337973528312,0.03531535787028604,0.9277917901997458,3.7315497370997064,98.03387023627194
C2,0.0006303402647274857,0.013185475663031694,0.06218673945183591,1.3008239921972435,4.7177481485427375,98.68599053213971
C3,0.0006303402647274866,0.013185475663031701,0.062186739451836025,1.3008239921972446,4.717748148542742,98.68599053213971
C4,0.039523174825210936,1.0383379735283127,0.03531535787028615,0.927791790199748,3.731549737099708,98.03387023627194
G1,0.00046331733908457084,0.00607321518748148,0.03144222601984203,0.4121481940849061,7.596958654300194,99.58177859072761
G2,0.0,0.0,0.024298472100375897,0.41427660930529026,5.8409788702826635,99.58572339069471
G3,0.0004633173390846779,0.006073215187482894,0.031442226019841965,0.41214819408490605,7.596958654300181,99.58177859072762
C5,0.016337883156441715,1.0155655364060998,0.025933666676224147,1.6120410371910552,1.5664757511301541,97.37239342640285
C6,0.0002730344540668177,0.005837168426802549,0.07631802279259617,1.6315931795623142,4.600924376660029,98.36256965201089
C7,0.0002730344540668203,0.005837168426802631,0.07631802279259586,1.6315931795623149,4.600924376660009,98.36256965201089
C8,0.01633788315644176,1.0155655364061098,0.025933666676223953,1.6120410371910545,1.5664757511301426,97.37239342640282
G4,3.4126237176169815e-06,3.760291894679016e-05,0.03747084621223046,0.41288267022009917,9.037948110491282,99.58707972686096
G5,1.9852334701272666e-27,2.6891004798048246e-26,0.030584048341079167,0.4142766093052903,7.351934697374794,99.58572339069471
G6,3.4126237176539252e-06,3.760291894719728e-05,0.03747084621223042,0.4128826702200993,9.037948110491271,99.58707972686096
C9,0.0025329236785567727,0.14847196710805402,0.025195854097105303,1.4769012001562758,1.6782657799130476,98.37462683273567
C10,8.174686396373469e-05,0.0016517288658870345,0.07759816996149602,1.5679028044705379,4.871489747278815,98.43044546666357
C11,8.174686396373645e-05,0.0016517288658870624,0.07759816996149642,1.5679028044705388,4.871489747278837,98.43044546666358
C12,0.002532923678556775,0.1484719671080539,0.02519585409710539,1.476901200156279,1.67826577991305,98.37462683273567
G7,0.0,0.0,0.015805443754194216,0.40950256865934204,3.843863570274015,99.59049743134067
G8,0.0,0.0,0.010636683851326392,0.4142766093052902,2.5568951565688427,99.58572339069471
G9,0.0,0.0,0.01580544375419428,0.409502568659342,3.84386357027403,99.59049743134065
