member,axial_contribution_m,shear_contribution_m,bending_contribution_m,total_contribution_m,axial_percent,shear_percent,bending_percent,participation_percent,axial_energy_J,shear_energy_J,bending_energy_J,energy_J
C1,3.952317482521089e-06,3.5315357870286046e-06,0.0003731549737099706,0.00038063882697952033,0.03952317482521089,0.03531535787028604,3.7315497370997064,3.8063882697952027,0.06459783540221628,0.05772045603532641,6.098954266158562,6.221272557596109
C2,6.303402647274857e-08,6.218673945183591e-06,0.00047177481485427374,0.0004780565228259301,0.0006303402647274857,0.06218673945183591,4.7177481485427375,4.7805652282593005,0.0010302466046397218,0.10163982972207436,7.710825856385351,7.81349593271207
C3,6.303402647274867e-08,6.218673945183603e-06,0.0004717748148542742,0.0004780565228259306,0.0006303402647274866,0.062186739451836025,4.717748148542742,4.780565228259306,0.0010302466046397253,0.1016398297220745,7.710825856385357,7.813495932712074
C4,3.952317482521094e-06,3.5315357870286148e-06,0.00037315497370997083,0.00038063882697952054,0.039523174825210936,0.03531535787028615,3.731549737099708,3.806388269795206,0.0645978354022164,0.05772045603532654,6.098954266158563,6.221272557596112
G1,4.633173390845708e-08,3.1442226019842028e-06,0.0007596958654300194,0.0007628864197659121,0.00046331733908457084,0.03144222601984203,7.596958654300194,7.628864197659121,0.0007572594393426666,0.0513900958131898,12.416691899834198,12.468839255086735
G2,0.0,2.4298472100375896e-06,0.0005840978870282664,0.0005865277342383039,0.0,0.024298472100375897,5.8409788702826635,5.865277342383039,0.0,0.0397141350158996,9.546667071129704,9.5863812061456
G3,4.633173390846779e-08,3.144222601984197e-06,0.0007596958654300181,0.0007628864197659108,0.0004633173390846779,0.031442226019841965,7.596958654300181,7.628864197659108,0.0007572594393426666,0.05139009581318975,12.41669189983418,12.468839255086717
C5,1.6337883156441715e-06,2.593366667622415e-06,0.00015664757511301542,0.000160874730096282,0.016337883156441715,0.025933666676224147,1.5664757511301541,1.60874730096282,0.026703115112282266,0.042386744960024314,2.5602938827809316,2.629383742853234
C6,2.730344540668177e-08,7.631802279259618e-06,0.00046009243766600294,0.00046775154339066924,0.0002730344540668177,0.07631802279259617,4.600924376660029,4.677515433906692,0.0004462555146681141,0.1247364134177299,7.519885659386508,7.6450683283189065
C7,2.7303445406682027e-08,7.631802279259586e-06,0.0004600924376660009,0.0004677515433906671,0.0002730344540668203,0.07631802279259586,4.600924376660009,4.677515433906671,0.00044625551466811846,0.12473641341772967,7.519885659386497,7.645068328318896
C8,1.6337883156441762e-06,2.5933666676223955e-06,0.00015664757511301428,0.00016087473009628085,0.01633788315644176,0.025933666676223953,1.5664757511301426,1.6087473009628084,0.026703115112282377,0.042386744960024036,2.5602938827809147,2.6293837428532143
G4,3.412623717616981e-10,3.747084621223046e-06,0.0009037948110491282,0.000907542236932723,3.4126237176169815e-06,0.03747084621223046,9.037948110491282,9.07542236932723,5.57769223175937e-06,0.061243449361143454,14.771887304024855,14.833136331078222
G5,1.9852334701272667e-31,3.058404834107917e-06,0.0007351934697374795,0.0007382518745715873,1.9852334701272666e-27,0.030584048341079167,7.351934697374794,7.382518745715872,6.5052130349130275e-28,0.04998746506088447,12.016217562712603,12.066205027773494
G6,3.412623717653925e-10,3.7470846212230425e-06,0.0009037948110491271,0.0009075422369327219,3.4126237176539252e-06,0.03747084621223042,9.037948110491271,9.07542236932722,5.577692232000316e-06,0.06124344936114342,14.771887304024848,14.833136331078222
C9,2.5329236785567726e-07,2.5195854097105305e-06,0.00016782657799130476,0.00017059945576887098,0.0025329236785567727,0.025195854097105303,1.6782657799130476,1.7059945576887097,0.004139884703022806,0.04118084245461104,2.743006782512855,2.788327509670488
C10,8.17468639637347e-09,7.759816996149601e-06,0.0004871489747278815,0.0004949169664104275,8.174686396373469e-05,0.07759816996149602,4.871489747278815,4.949169664104275,0.0001336094705531685,0.12682872347310667,7.962105631695592,8.089067964639248
C11,8.174686396373645e-09,7.759816996149642e-06,0.00048714897472788377,0.0004949169664104297,8.174686396373645e-05,0.07759816996149642,4.871489747278837,4.949169664104297,0.00013360947055317073,0.12682872347310678,7.962105631695591,8.089067964639256
C12,2.5329236785567747e-07,2.519585409710539e-06,0.000167826577991305,0.00017059945576887122,0.002532923678556775,0.02519585409710539,1.67826577991305,1.705994557688712,0.004139884703022806,0.041180842454611295,2.7430067825128694,2.788327509670509
G7,0.0,1.5805443754194216e-06,0.0003843863570274015,0.0003859669014028209,0.0,0.015805443754194216,3.843863570274015,3.8596690140282086,0.0,0.02583288054686221,6.282523287141096,6.30835616768796
G8,0.0,1.0636683851326393e-06,0.0002556895156568843,0.00025675318404201695,0.0,0.010636683851326392,2.5568951565688427,2.5675318404201697,0.0,0.017384907859555453,4.179064389316213,4.196449297175768
G9,0.0,1.580544375419428e-06,0.00038438635702740305,0.00038596690140282246,0.0,0.01580544375419428,3.84386357027403,3.8596690140282246,0.0,0.025832880546862308,6.282523287141117,6.308356167687982
TOTAL,1.1969166641153947e-05,8.400518579644022e-05,0.009904025647560625,0.009999999999998217,0.11969166641153946,0.8400518579644022,99.04025647560624,99.99999999998221,0.19562756787791405,1.373005379504476,161.87429816299837,163.44293111038084
