node,floor,column_line,x_m,y_m,ux_m,uy_m,rotation_rad,reaction_x_N,reaction_y_N,reaction_moment_Nm
0,0,1,0.0,0.0,0.0,0.0,0.0,-7023.796915281406,-13124.819785654585,15832.413209660304
1,0,2,6.0,0.0,0.0,0.0,0.0,-9320.496195756226,1657.505438615288,18115.363034636634
2,0,3,12.0,0.0,0.0,0.0,0.0,-9320.496195756232,-1657.5054386152906,18115.36303463664
3,0,4,18.0,0.0,0.0,0.0,0.0,-7023.796915281413,13124.819785654598,15832.41320966031
4,1,1,0.0,3.0,0.0024938590175758242,9.843614839240939e-06,-0.0009931345943884123,2.3283064365386963e-10,9.094947017729282e-13,-1.3642420526593924e-12
5,1,2,6.0,3.0,0.0024953662595331846,-1.243129078961466e-06,-0.0007752410139379308,-4.656612873077393e-10,1.723066134218243e-13,1.8189894035458565e-12
6,1,3,12.0,3.0,0.0024953662595331846,1.243129078961468e-06,-0.0007752410139379302,-4.656612873077393e-10,7.442935157087049e-13,1.8189894035458565e-12
7,1,4,18.0,3.0,0.0024938590175758242,-9.843614839240949e-06,-0.0009931345943884117,2.3283064365386963e-10,9.094947017729282e-13,-3.183231456205249e-12
8,2,1,0.0,6.0,0.006438551009425943,1.6172490937603382e-05,-0.0010629921368202028,9.313225746154785e-10,-4.092726157978177e-12,-3.001332515850663e-11
9,2,2,6.0,6.0,0.006438680365820047,-2.0612875428314988e-06,-0.000869528410531737,0.0,6.359357485052897e-13,-1.8189894035458565e-12
10,2,3,12.0,6.0,0.006438680365820044,2.0612875428315043e-06,-0.0008695284105317371,0.0,-6.217248937900877e-13,-1.0913936421275139e-11
11,2,4,18.0,6.0,0.006438551009425939,-1.6172490937603403e-05,-0.0010629921368202025,-9.313225746154785e-10,-1.0913936421275139e-11,-1.0913936421275139e-11
12,3,1,0.0,9.0,0.01,1.866444339592481e-05,-0.0007458585654857047,5932.731347639114,6.821210263296962e-12,-9.094947017729282e-12
13,3,2,6.0,9.0,0.01,-2.508963995003994e-06,-0.0005123587272519583,10411.561763402075,-1.5099033134902129e-12,5.4569682106375694e-12
14,3,3,12.0,9.0,0.01,2.508963995004004e-06,-0.0005123587272519595,10411.561763402075,1.5631940186722204e-13,-1.6370904631912708e-11
15,3,4,18.0,9.0,0.01,-1.866444339592483e-05,-0.0007458585654857056,5932.731347639114,9.094947017729282e-13,-9.094947017729282e-13
