floor,column_line,drift_m,drift_ratio
1,1,0.0024938590175758242,0.0008312863391919414
1,2,0.0024953662595331846,0.0008317887531777282
1,3,0.0024953662595331846,0.0008317887531777282
1,4,0.0024938590175758242,0.0008312863391919414
2,1,0.00394469199185012,0.0013148973306167065
2,2,0.003943314106286862,0.001314438035428954
2,3,0.003943314106286859,0.0013144380354289532
2,4,0.003944691991850114,0.0013148973306167048
3,1,0.003561448990574057,0.0011871496635246857
3,2,0.0035613196341799536,0.0011871065447266512
3,3,0.0035613196341799562,0.001187106544726652
3,4,0.003561448990574061,0.001187149663524687
